{"loss": [0.10920251905918121, 0.06660976260900497], "valid_loss": [0.06902561336755753, 0.06831815838813782]}